	word	zstat	pvalue	f1_count	f2_count	f1_prop	f2_prop
0	renter	1.876680262932365	0.030280964664404848	10	2	0.05747126436781609	0.015267175572519083
1	likely	1.7468583543191496	0.040330955657308876	4	0	0.022988505747126436	0.0
2	may	1.7468583543191496	0.040330955657308876	4	0	0.022988505747126436	0.0
3	pay	1.7468583543191496	0.040330955657308876	4	0	0.022988505747126436	0.0
