	word	zstat	pvalue	f1_count	f2_count	f1_prop	f2_prop
0	fraudulent	2.598443456561363	0.004682373336513129	5	0	0.03816793893129771	0.0
1	loss	2.320254608026962	0.01016355403907863	4	0	0.030534351145038167	0.0
2	allows	2.0060698549852978	0.022424397776699384	3	0	0.022900763358778626	0.0
