	word	zstat	pvalue	f1_count	f2_count	f1_prop	f2_prop
0	society	3.0689690638146603	0.0010739941653458253	15	0	0.06880733944954129	0.0
