	word	zstat	pvalue	f1_count	f2_count	f1_prop	f2_prop
0	need	1.7967146852759932	0.03619046319473365	14	5	0.07407407407407407	0.03067484662576687
