	word	zstat	pvalue	f1_count	f2_count	f1_prop	f2_prop
0	society	3.203616377585937	0.0006785658888099362	14	0	0.05263157894736842	0.0
1	patient	2.6527299634507893	0.003992185941473512	13	1	0.04887218045112782	0.005291005291005291
2	hospital	2.2475315406720746	0.012303038591967155	7	0	0.02631578947368421	0.0
3	family	2.078491423392552	0.018832060014735055	6	0	0.022556390977443608	0.0
4	staff	1.6933140302913303	0.04519785446371201	4	0	0.015037593984962405	0.0
