	word	zstat	pvalue	f1_count	f2_count	f1_prop	f2_prop
0	society	3.4041763841665253	0.00033181942493613377	13	0	0.0593607305936073	0.0
1	patient	2.3322966562460166	0.00984254515932503	9	1	0.0410958904109589	0.005291005291005291
2	hospital	2.2924587238625196	0.010939593371966115	6	0	0.0273972602739726	0.0
3	family	2.090120887195408	0.01830347091666332	5	0	0.0228310502283105	0.0
