	word	zstat	pvalue	f1_count	f2_count
0	denied payment	1.8618866912882353	0.03130953168321401	4	0
