	word	zstat	pvalue	f1_count	f2_count
0	fraudulent payment	4.1988408455930974	1.3414239703747835e-05	15	0
1	allowing fraudulent	2.4124166895183747	0.007923579321152101	5	0
2	affect person	1.8668401016557494	0.030961960272489077	3	0
3	one payment	1.8668401016557494	0.030961960272489077	3	0
