	word	zstat	pvalue	f1_count	f2_count
0	part society	1.9162981681938964	0.027663576957691654	6	0
1	mistakenly denied	1.7486402214061534	0.04017661457541265	5	0
