	word	zstat	pvalue	f1_count	f2_count
0	could miss	1.9489957297868807	0.025647967340138925	3	0
1	someone actually	1.9489957297868807	0.025647967340138925	3	0
