	word	zstat	pvalue	f1_count	f2_count
0	loved one	1.8796258587922814	0.030079543245344093	6	0
