	word	zstat	pvalue	f1_count	f2_count
0	friend family	1.7668675654373192	0.038625205025015624	3	0
