	word	zstat	pvalue	f1_count	f2_count
0	someone actually	1.7016139337592362	0.04441388188374733	3	0
1	people mistakenly	1.7016139337592362	0.04441388188374733	3	0
