	word	zstat	pvalue	f1_count	f2_count
0	renter	1.876680262932365	0.030280964664404848	10	2
1	likely	1.7468583543191496	0.040330955657308876	4	0
2	pay	1.7468583543191496	0.040330955657308876	4	0
3	may	1.7468583543191496	0.040330955657308876	4	0
