	word	zstat	pvalue	f1_count	f2_count
0	may	2.2450092494336125	0.012383769393702065	4	0
1	renter	2.064651130005088	0.019478010844948913	10	4
2	make	1.9417279677876431	0.02608502053546174	3	0
