	word	zstat	pvalue	f1_count	f2_count
0	society	3.0762307967395457	0.00104817754145212	15	0
