	word	zstat	pvalue	f1_count	f2_count
0	society	3.5365910455068357	0.0002026633832012866	15	0
1	fraudulent	2.21043829699888	0.013537379193275948	6	0
2	community	1.8001456654444634	0.03591882031061332	4	0
