	word	zstat	pvalue	f1_count	f2_count
0	without	1.8739212216659853	0.030470641993231865	3	0
1	death	1.8739212216659853	0.030470641993231865	3	0
