	word	zstat	pvalue	f1_count	f2_count
0	need	1.7951670487403089	0.03631354437262116	14	5
