	word	zstat	pvalue	f1_count	f2_count
0	society	3.201377191076163	0.0006838618182076095	14	0
1	patient	2.650380280909939	0.0040200608258028495	13	1
2	hospital	2.24588068074678	0.012355825824345952	7	0
3	family	2.076954355470252	0.01890288611104411	6	0
4	staff	1.69204501908144	0.04531869513438779	4	0
