	word	zstat	pvalue	f1_count	f2_count
0	society	2.97466113873668	0.0014665617961259311	14	0
1	hospital	2.0858010542081544	0.018498323948506253	7	0
2	patient	1.9993805772149968	0.022783595904939963	13	2
3	family	1.9287817365211501	0.026878982033793436	6	0
