	word	zstat	pvalue	f1_count	f2_count
0	society	3.3952959628553545	0.0003427722499466684	13	0
1	patient	2.3243617286071485	0.010053057476412112	9	1
2	hospital	2.286427898812261	0.011114618869121979	6	0
3	family	2.084615907252381	0.018552089691545436	5	0
