	word	zstat	pvalue	f1_count	f2_count
0	society	3.1553366688431645	0.0008015649909106282	13	0
1	hospital	2.123527693017847	0.01685482871484179	6	0
2	family	1.9359271805474492	0.026438310119609384	5	0
3	patient	1.6568602937053156	0.04877386182293435	9	2
