	word	zstat	pvalue	f1_count	f2_count
0	could	1.99718527374499	0.022902530094804197	10	4
1	else	1.9112242603436465	0.02798788373423849	3	0
2	need	1.8522307913730163	0.03199634450157484	8	3
