	word	zstat	pvalue	f1_count	f2_count	f1_prop	f2_prop
0	fraudulent	5.302650517258218	5.706664630715934e-08	24	0	0.04285714285714286	0.0
1	money	3.3172860343741495	0.00045448253702652647	16	3	0.02857142857142857	0.004665629860031105
2	allowing	2.843332942882396	0.002232220335254146	7	0	0.0125	0.0
3	credit	2.401048207478124	0.008174091316908232	5	0	0.008928571428571428	0.0
4	issue	2.3297579502681645	0.009909473886911397	7	1	0.0125	0.0015552099533437014
5	payment	2.176190967946445	0.01477049200312065	34	22	0.060714285714285714	0.03421461897356143
6	caught	2.1466670527223486	0.01590989877317783	4	0	0.007142857142857143	0.0
7	person	1.9856902930841418	0.02353386175030629	9	3	0.01607142857142857	0.004665629860031105
8	one	1.8851897351139393	0.029702113096660272	7	2	0.0125	0.003110419906687403
9	accepting	1.8582934279294305	0.031563678306484044	3	0	0.005357142857142857	0.0
10	allowed	1.8582934279294305	0.031563678306484044	3	0	0.005357142857142857	0.0
11	allows	1.8582934279294305	0.031563678306484044	3	0	0.005357142857142857	0.0
12	even	1.8582934279294305	0.031563678306484044	3	0	0.005357142857142857	0.0
13	getting	1.8582934279294305	0.031563678306484044	3	0	0.005357142857142857	0.0
14	owner	1.8582934279294305	0.031563678306484044	3	0	0.005357142857142857	0.0
15	want	1.8582934279294305	0.031563678306484044	3	0	0.005357142857142857	0.0
16	loss	1.810819400485088	0.03508440609609284	5	1	0.008928571428571428	0.0015552099533437014
17	get	1.7485446501841406	0.040184880531999714	8	3	0.014285714285714285	0.004665629860031105
18	impact	1.7485446501841406	0.040184880531999714	8	3	0.014285714285714285	0.004665629860031105
