	word	zstat	pvalue	f1_count	f2_count
0	username password	3.0133585415525395	0.0012918673186452206	7	0
1	hospital staff	2.6476563666050033	0.00405259332271547	11	3
2	staff member	2.2753125175247577	0.0114435945325607	4	0
3	take away	1.9697375210591062	0.024434230207281155	3	0
4	take extra	1.9697375210591062	0.024434230207281155	3	0
5	may take	1.9697375210591062	0.024434230207281155	3	0
6	authorized hospital	1.9697375210591062	0.024434230207281155	3	0
