	word	zstat	pvalue	f1_count	f2_count
0	part society	2.1670023634577396	0.015117336953865648	6	0
