	word	zstat	pvalue	f1_count	f2_count
0	username password	2.245797906119004	0.012358477749868948	5	0
1	hospital staff	1.9596067776174182	0.025020884292910578	10	3
2	medical professional	1.7384235847126053	0.041068101980142026	3	0
3	take longer	1.7384235847126053	0.041068101980142026	3	0
4	authorized hospital	1.7384235847126053	0.041068101980142026	3	0
