	word	zstat	pvalue	f1_count	f2_count
0	staff patient	1.9721618942213934	0.024295564080469904	5	0
