	word	zstat	pvalue	f1_count	f2_count
0	medical record	2.44786494341637	0.007185275544664055	6	0
1	patient society	1.7291643379231907	0.04188984347852459	3	0
2	hospital system	1.7291643379231907	0.04188984347852459	3	0
3	allowed access	1.7291643379231907	0.04188984347852459	3	0
4	information could	1.7291643379231907	0.04188984347852459	3	0
