	word	zstat	pvalue	f1_count	f2_count
0	password	2.172324726791666	0.014915589111479341	5	0
1	time	2.172324726791666	0.014915589111479341	5	0
2	username	1.9399855504856103	0.026190722979942432	4	0
3	staff	1.8136854897288353	0.03486308013921063	6	1
4	long	1.6774900448821548	0.04672334726820808	3	0
