	word	zstat	pvalue	f1_count	f2_count
0	time	2.4899102497016137	0.006388767859725055	5	0
1	access	2.4439081788440844	0.007264561905955324	7	1
2	unauthorized	1.9235261737695357	0.027207001325437654	3	0
3	record	1.9235261737695357	0.027207001325437654	3	0
