	word	zstat	pvalue	f1_count	f2_count
0	access	3.031559875873852	0.001216468311320466	9	1
1	unauthorized	2.5833013322091256	0.004892990478019756	5	0
2	information	2.559578876417731	0.005239953542730767	7	1
3	dangerous	1.9954965512458556	0.02299437496005633	3	0
4	user	1.6741779787586064	0.04704781300923879	4	1
