	word	zstat	pvalue	f1_count	f2_count
0	information	2.7741461860890926	0.0027673400729688077	7	0
1	may	2.0873262252060365	0.018429327868388887	4	0
2	user	2.0873262252060365	0.018429327868388887	4	0
3	dangerous	1.8048943520883944	0.03554560788926652	3	0
4	life	1.8048943520883944	0.03554560788926652	3	0
5	people	1.7397484214247632	0.04095160142402495	5	1
6	individual	1.7397484214247632	0.04095160142402495	5	1
