	word	zstat	pvalue	f1_count	f2_count
0	society	3.572983495856873	0.00017646850663151698	15	0
1	impact	1.817744702700521	0.03455158093833033	4	0
