	word	zstat	pvalue	f1_count	f2_count
0	society	3.0488917690310924	0.0011484360701074542	15	1
1	patient	1.9660243260973094	0.024647900344948154	8	1
2	impact	1.7527223679486499	0.03982483715573049	4	0
