	word	zstat	pvalue	f1_count	f2_count
0	information	2.2802975322992256	0.011295024033906158	9	1
1	system	1.672002684298326	0.04726189637765692	6	1
