	word	zstat	pvalue	f1_count	f2_count
0	society	2.727478187458236	0.003191023847701493	15	1
1	patient	2.6037580409458183	0.004610391357897127	14	1
