	word	zstat	pvalue	f1_count	f2_count	f1_prop	f2_prop
0	password	2.1859278448719266	0.014410442351957967	5	0	0.029411764705882353	0.0
1	time	2.1859278448719266	0.014410442351957967	5	0	0.029411764705882353	0.0
2	username	1.9521522974824121	0.025460062872305858	4	0	0.023529411764705882	0.0
3	staff	1.8299925767243135	0.03362552443397598	6	1	0.03529411764705882	0.00625
4	long	1.6880264664163829	0.04570307426819113	3	0	0.01764705882352941	0.0
