	word	zstat	pvalue	f1_count	f2_count	f1_prop	f2_prop
0	time	2.4899102497016137	0.006388767859725055	5	0	0.029411764705882353	0.0
1	access	2.4439081788440844	0.007264561905955324	7	1	0.041176470588235294	0.004807692307692308
2	record	1.9235261737695357	0.027207001325437654	3	0	0.01764705882352941	0.0
3	unauthorized	1.9235261737695357	0.027207001325437654	3	0	0.01764705882352941	0.0
