	word	zstat	pvalue	f1_count	f2_count	f1_prop	f2_prop
0	information	2.756571096584725	0.002920545643267072	7	0	0.04375	0.0
1	may	2.074161816075063	0.019032142571493268	4	0	0.025	0.0
2	user	2.074161816075063	0.019032142571493268	4	0	0.025	0.0
3	dangerous	1.7935281205674067	0.036444259171491564	3	0	0.01875	0.0
4	life	1.7935281205674067	0.036444259171491564	3	0	0.01875	0.0
5	individual	1.7237468214837015	0.04237677924717351	5	1	0.03125	0.0058823529411764705
6	people	1.7237468214837015	0.04237677924717351	5	1	0.03125	0.0058823529411764705
