	word	zstat	pvalue	f1_count	f2_count	f1_prop	f2_prop
0	access	3.008808155204641	0.0013113733629285186	9	1	0.05625	0.004807692307692308
1	unauthorized	2.5670083132784693	0.005129007654001958	5	0	0.03125	0.0
2	information	2.5394578464400928	0.00555122118253211	7	1	0.04375	0.004807692307692308
3	dangerous	1.9829409457975662	0.023687013148889456	3	0	0.01875	0.0
4	user	1.6586822947337803	0.048589914483314504	4	1	0.025	0.004807692307692308
