	word	zstat	pvalue	f1_count	f2_count	f1_prop	f2_prop
0	society	3.0714360494065964	0.001065158962980982	15	1	0.07211538461538461	0.00625
1	patient	1.983163665325525	0.023674575519479348	8	1	0.038461538461538464	0.00625
2	impact	1.7637277052957256	0.038888917131512775	4	0	0.019230769230769232	0.0
