	word	zstat	pvalue	f1_count	f2_count	f1_prop	f2_prop
0	doctor	1.9013357189345177	0.0286290266765185	3	0	0.014423076923076924	0.0
1	level	1.9013357189345177	0.0286290266765185	3	0	0.014423076923076924	0.0
2	take	1.9013357189345177	0.0286290266765185	3	0	0.014423076923076924	0.0
3	someone	1.8725853407932824	0.030562833582943833	5	1	0.02403846153846154	0.004016064257028112
