	word	zstat	pvalue	f1_count	f2_count	f1_prop	f2_prop
0	information	2.2802975322992256	0.011295024033906158	9	1	0.03614457831325301	0.004807692307692308
1	system	1.672002684298326	0.04726189637765692	6	1	0.024096385542168676	0.004807692307692308
