	word	zstat	pvalue	f1_count	f2_count	f1_prop	f2_prop
0	society	2.748439193042149	0.002993987028892543	15	1	0.060240963855421686	0.00625
1	patient	2.6240947279902134	0.004343980904072044	14	1	0.05622489959839357	0.00625
